timestamp,water_content,peak_distance
2026-07-31T01:12:30.405145+0000,15.956454537176429,8.720441744169782e-10
2026-07-31T01:12:33.401367+0000,15.956454537176429,8.720441744169782e-10
2026-07-31T01:12:36.404470+0000,15.956454537176429,8.720441744169782e-10
2026-07-31T01:12:39.407921+0000,15.956454537176429,8.720441744169782e-10
2026-07-31T01:12:42.408155+0000,15.956454537176429,8.720441744169782e-10
2026-07-31T01:12:45.404249+0000,15.956454537176429,8.720441744169782e-10
2026-07-31T01:12:48.403526+0000,15.956454537176429,8.720441744169782e-10
2026-07-31T01:12:51.407264+0000,15.956454537176429,8.720441744169782e-10
2026-07-31T01:12:54.408007+0000,15.956454537176429,8.720441744169782e-10
2026-07-31T01:12:57.405312+0000,15.956454537176429,8.720441744169782e-10
2026-07-31T01:13:00.405386+0000,15.956454537176429,8.720441744169782e-10
2026-07-31T01:13:03.409731+0000,15.956454537176429,8.720441744169782e-10
2026-07-31T01:13:06.406255+0000,15.956454537176429,8.720441744169782e-10
2026-07-31T01:13:09.407905+0000,15.956454537176429,8.720441744169782e-10
2026-07-31T01:13:12.408382+0000,15.956454537176429,8.720441744169782e-10
2026-07-31T01:13:15.411973+0000,15.956454537176429,8.720441744169782e-10
2026-07-31T01:13:18.408611+0000,15.956454537176429,8.720441744169782e-10
2026-07-31T01:13:21.413064+0000,14.083507427174343,8.429760352697458e-10
2026-07-31T01:13:24.414321+0000,14.083507427174343,8.429760352697458e-10
2026-07-31T01:13:27.414393+0000,14.083507427174343,8.429760352697458e-10
2026-07-31T01:13:30.414769+0000,15.956454537176429,8.720441744169782e-10
2026-07-31T01:13:33.418059+0000,14.7078231305083,8.526654149854888e-10
2026-07-31T01:13:36.416405+0000,17.20508594384456,8.914229338484676e-10
2026-07-31T01:13:39.418068+0000,17.20508594384456,8.914229338484676e-10
2026-07-31T01:13:42.416312+0000,17.20508594384456,8.914229338484676e-10
2026-07-31T01:13:45.415894+0000,17.20508594384456,8.914229338484676e-10
2026-07-31T01:13:48.418912+0000,17.20508594384456,8.914229338484676e-10
2026-07-31T01:13:51.417013+0000,17.20508594384456,8.914229338484676e-10
2026-07-31T01:13:54.418862+0000,15.956454537176429,8.720441744169782e-10
2026-07-31T01:13:57.418182+0000,16.5807702405106,8.817335541327245e-10
2026-07-31T01:14:00.416481+0000,16.5807702405106,8.817335541327245e-10
2026-07-31T01:14:03.414659+0000,16.5807702405106,8.817335541327245e-10
2026-07-31T01:14:06.419381+0000,16.5807702405106,8.817335541327245e-10
2026-07-31T01:14:09.419855+0000,16.5807702405106,8.817335541327245e-10
2026-07-31T01:14:12.420898+0000,16.5807702405106,8.817335541327245e-10
2026-07-31T01:14:15.423225+0000,16.5807702405106,8.817335541327245e-10
2026-07-31T01:14:18.420207+0000,16.5807702405106,8.817335541327245e-10
2026-07-31T01:14:21.418817+0000,16.5807702405106,8.817335541327245e-10
2026-07-31T01:14:24.421831+0000,16.5807702405106,8.817335541327245e-10
2026-07-31T01:14:27.426647+0000,16.5807702405106,8.817335541327245e-10
2026-07-31T01:14:30.422570+0000,16.5807702405106,8.817335541327245e-10
2026-07-31T01:14:33.423160+0000,16.5807702405106,8.817335541327245e-10
2026-07-31T01:14:36.425202+0000,16.5807702405106,8.817335541327245e-10
2026-07-31T01:14:39.424386+0000,16.5807702405106,8.817335541327245e-10
2026-07-31T01:14:42.422924+0000,16.5807702405106,8.817335541327245e-10
2026-07-31T01:14:45.428734+0000,16.5807702405106,8.817335541327245e-10
2026-07-31T01:14:48.426564+0000,16.5807702405106,8.817335541327245e-10
2026-07-31T01:14:51.428682+0000,16.5807702405106,8.817335541327245e-10
2026-07-31T01:14:54.422079+0000,16.5807702405106,8.817335541327245e-10
2026-07-31T01:14:57.428051+0000,16.5807702405106,8.817335541327245e-10
2026-07-31T01:15:00.419267+0000,16.5807702405106,8.817335541327245e-10
2026-07-31T01:15:03.420913+0000,16.5807702405106,8.817335541327245e-10
2026-07-31T01:15:06.423114+0000,16.5807702405106,8.817335541327245e-10
2026-07-31T01:15:09.420636+0000,16.5807702405106,8.817335541327245e-10
2026-07-31T01:15:12.420355+0000,16.5807702405106,8.817335541327245e-10
2026-07-31T01:15:15.422115+0000,16.5807702405106,8.817335541327245e-10
2026-07-31T01:15:18.423000+0000,16.5807702405106,8.817335541327245e-10
2026-07-31T01:15:21.422298+0000,16.5807702405106,8.817335541327245e-10
2026-07-31T01:15:24.423473+0000,16.5807702405106,8.817335541327245e-10
2026-07-31T01:15:27.426005+0000,16.5807702405106,8.817335541327245e-10
2026-07-31T01:15:30.424297+0000,16.5807702405106,8.817335541327245e-10
2026-07-31T01:15:33.429131+0000,16.5807702405106,8.817335541327245e-10
2026-07-31T01:15:36.424873+0000,16.5807702405106,8.817335541327245e-10
2026-07-31T01:15:39.423326+0000,16.5807702405106,8.817335541327245e-10
2026-07-31T01:15:42.424774+0000,16.5807702405106,8.817335541327245e-10
2026-07-31T01:15:45.429841+0000,16.5807702405106,8.817335541327245e-10
2026-07-31T01:15:48.427122+0000,16.5807702405106,8.817335541327245e-10
2026-07-31T01:15:51.427165+0000,16.5807702405106,8.817335541327245e-10
2026-07-31T01:15:54.425927+0000,16.5807702405106,8.817335541327245e-10
2026-07-31T01:15:57.428711+0000,16.5807702405106,8.817335541327245e-10
2026-07-31T01:16:00.426473+0000,16.5807702405106,8.817335541327245e-10
2026-07-31T01:16:03.426952+0000,16.5807702405106,8.817335541327245e-10
2026-07-31T01:16:06.430358+0000,16.5807702405106,8.817335541327245e-10
2026-07-31T01:16:09.429578+0000,16.5807702405106,8.817335541327245e-10
2026-07-31T01:16:12.429760+0000,16.5807702405106,8.817335541327245e-10
2026-07-31T01:16:15.432147+0000,16.5807702405106,8.817335541327245e-10
2026-07-31T01:16:18.429617+0000,16.5807702405106,8.817335541327245e-10
2026-07-31T01:16:21.432590+0000,16.5807702405106,8.817335541327245e-10
2026-07-31T01:16:24.430503+0000,16.5807702405106,8.817335541327245e-10
2026-07-31T01:16:27.435245+0000,16.5807702405106,8.817335541327245e-10
2026-07-31T01:16:30.432920+0000,16.5807702405106,8.817335541327245e-10
2026-07-31T01:16:33.430829+0000,16.5807702405106,8.817335541327245e-10
2026-07-31T01:16:36.435090+0000,16.5807702405106,8.817335541327245e-10
2026-07-31T01:16:39.431064+0000,16.5807702405106,8.817335541327245e-10
2026-07-31T01:16:42.436584+0000,16.5807702405106,8.817335541327245e-10
2026-07-31T01:16:45.432216+0000,16.5807702405106,8.817335541327245e-10
2026-07-31T01:16:48.435699+0000,16.5807702405106,8.817335541327245e-10
2026-07-31T01:16:51.438640+0000,16.5807702405106,8.817335541327245e-10
2026-07-31T01:16:54.436375+0000,16.5807702405106,8.817335541327245e-10
2026-07-31T01:16:57.438594+0000,16.5807702405106,8.817335541327245e-10
2026-07-31T01:17:00.438432+0000,16.5807702405106,8.817335541327245e-10
2026-07-31T01:17:03.439949+0000,16.5807702405106,8.817335541327245e-10
2026-07-31T01:17:06.437057+0000,16.5807702405106,8.817335541327245e-10
2026-07-31T01:17:09.436230+0000,16.5807702405106,8.817335541327245e-10
2026-07-31T01:17:12.440628+0000,16.5807702405106,8.817335541327245e-10
2026-07-31T01:17:15.438304+0000,16.5807702405106,8.817335541327245e-10
2026-07-31T01:17:18.435345+0000,16.5807702405106,8.817335541327245e-10
2026-07-31T01:17:21.436125+0000,16.5807702405106,8.817335541327245e-10
2026-07-31T01:17:24.437011+0000,16.5807702405106,8.817335541327245e-10
2026-07-31T01:17:27.435840+0000,16.5807702405106,8.817335541327245e-10
2026-07-31T01:17:30.437473+0000,16.5807702405106,8.817335541327245e-10
2026-07-31T01:17:33.438455+0000,16.5807702405106,8.817335541327245e-10
2026-07-31T01:17:36.439230+0000,16.5807702405106,8.817335541327245e-10
2026-07-31T01:17:39.438909+0000,16.5807702405106,8.817335541327245e-10
2026-07-31T01:17:42.438272+0000,16.5807702405106,8.817335541327245e-10
2026-07-31T01:17:45.440092+0000,16.5807702405106,8.817335541327245e-10
2026-07-31T01:17:48.440780+0000,16.5807702405106,8.817335541327245e-10
2026-07-31T01:17:51.444228+0000,16.5807702405106,8.817335541327245e-10
2026-07-31T01:17:54.442412+0000,16.5807702405106,8.817335541327245e-10
2026-07-31T01:17:57.441884+0000,16.5807702405106,8.817335541327245e-10
2026-07-31T01:18:00.441684+0000,16.5807702405106,8.817335541327245e-10
2026-07-31T01:18:03.445514+0000,16.5807702405106,8.817335541327245e-10
2026-07-31T01:18:06.445844+0000,16.5807702405106,8.817335541327245e-10
2026-07-31T01:18:09.441250+0000,16.5807702405106,8.817335541327245e-10
2026-07-31T01:18:12.444195+0000,16.5807702405106,8.817335541327245e-10
2026-07-31T01:18:15.442300+0000,16.5807702405106,8.817335541327245e-10
2026-07-31T01:18:18.445413+0000,16.5807702405106,8.817335541327245e-10
2026-07-31T01:18:21.443794+0000,16.5807702405106,8.817335541327245e-10
2026-07-31T01:18:24.444434+0000,16.5807702405106,8.817335541327245e-10
2026-07-31T01:18:27.448408+0000,16.5807702405106,8.817335541327245e-10
2026-07-31T01:18:30.450101+0000,16.5807702405106,8.817335541327245e-10
2026-07-31T01:18:33.444909+0000,16.5807702405106,8.817335541327245e-10
2026-07-31T01:18:36.445588+0000,16.5807702405106,8.817335541327245e-10
2026-07-31T01:18:39.445724+0000,16.5807702405106,8.817335541327245e-10
2026-07-31T01:18:42.448896+0000,16.5807702405106,8.817335541327245e-10
2026-07-31T01:18:45.448183+0000,16.5807702405106,8.817335541327245e-10
2026-07-31T01:18:48.448607+0000,16.5807702405106,8.817335541327245e-10
2026-07-31T01:18:51.447834+0000,16.5807702405106,8.817335541327245e-10
2026-07-31T01:18:54.448056+0000,16.5807702405106,8.817335541327245e-10
2026-07-31T01:18:57.455189+0000,16.5807702405106,8.817335541327245e-10
2026-07-31T01:19:00.450724+0000,16.5807702405106,8.817335541327245e-10
2026-07-31T01:19:03.449394+0000,16.5807702405106,8.817335541327245e-10
2026-07-31T01:19:06.447939+0000,16.5807702405106,8.817335541327245e-10
2026-07-31T01:19:09.451264+0000,16.5807702405106,8.817335541327245e-10
2026-07-31T01:19:12.452131+0000,16.5807702405106,8.817335541327245e-10
2026-07-31T01:19:15.452043+0000,16.5807702405106,8.817335541327245e-10
2026-07-31T01:19:18.449552+0000,16.5807702405106,8.817335541327245e-10
2026-07-31T01:19:21.453437+0000,16.5807702405106,8.817335541327245e-10
2026-07-31T01:19:24.451408+0000,16.5807702405106,8.817335541327245e-10
2026-07-31T01:19:27.450030+0000,16.5807702405106,8.817335541327245e-10
2026-07-31T01:19:30.450373+0000,16.5807702405106,8.817335541327245e-10
2026-07-31T01:19:33.454020+0000,16.5807702405106,8.817335541327245e-10
2026-07-31T01:19:36.452748+0000,16.5807702405106,8.817335541327245e-10
2026-07-31T01:19:39.451908+0000,16.5807702405106,8.817335541327245e-10
2026-07-31T01:19:42.452098+0000,16.5807702405106,8.817335541327245e-10
2026-07-31T01:19:45.454919+0000,16.5807702405106,8.817335541327245e-10
2026-07-31T01:19:48.455120+0000,16.5807702405106,8.817335541327245e-10
2026-07-31T01:19:51.464165+0000,16.5807702405106,8.817335541327245e-10
2026-07-31T01:19:54.456854+0000,16.5807702405106,8.817335541327245e-10
2026-07-31T01:19:57.454370+0000,16.5807702405106,8.817335541327245e-10
2026-07-31T01:22:51.970330+0000,16.5807702405106,8.817335541327245e-10
2026-07-31T01:22:54.969302+0000,16.5807702405106,8.817335541327245e-10
2026-07-31T01:22:57.972030+0000,16.5807702405106,8.817335541327245e-10
2026-07-31T01:23:00.968315+0000,16.5807702405106,8.817335541327245e-10
2026-07-31T01:23:03.969244+0000,16.5807702405106,8.817335541327245e-10
2026-07-31T01:23:06.970004+0000,16.5807702405106,8.817335541327245e-10
2026-07-31T01:23:09.972276+0000,16.5807702405106,8.817335541327245e-10
2026-07-31T01:23:12.970091+0000,16.5807702405106,8.817335541327245e-10
2026-07-31T01:23:15.971100+0000,16.5807702405106,8.817335541327245e-10
2026-07-31T01:23:18.972201+0000,16.5807702405106,8.817335541327245e-10
2026-07-31T01:23:21.970936+0000,16.5807702405106,8.817335541327245e-10
2026-07-31T01:23:24.975702+0000,16.5807702405106,8.817335541327245e-10
2026-07-31T01:23:27.977608+0000,16.5807702405106,8.817335541327245e-10
2026-07-31T01:23:30.979142+0000,16.5807702405106,8.817335541327245e-10
2026-07-31T01:23:33.977261+0000,16.5807702405106,8.817335541327245e-10
2026-07-31T01:23:36.978498+0000,16.5807702405106,8.817335541327245e-10
2026-07-31T01:23:39.977278+0000,16.5807702405106,8.817335541327245e-10
2026-07-31T01:23:42.982770+0000,16.5807702405106,8.817335541327245e-10
2026-07-31T01:23:45.979180+0000,16.5807702405106,8.817335541327245e-10
2026-07-31T01:23:48.979625+0000,16.5807702405106,8.817335541327245e-10
2026-07-31T01:23:51.983515+0000,16.5807702405106,8.817335541327245e-10
2026-07-31T01:23:54.984748+0000,16.5807702405106,8.817335541327245e-10
2026-07-31T01:23:57.985807+0000,16.5807702405106,8.817335541327245e-10
2026-07-31T01:24:00.986685+0000,16.5807702405106,8.817335541327245e-10
2026-07-31T01:24:03.988033+0000,16.5807702405106,8.817335541327245e-10
2026-07-31T01:24:06.983617+0000,16.5807702405106,8.817335541327245e-10
2026-07-31T01:24:09.984361+0000,16.5807702405106,8.817335541327245e-10
2026-07-31T01:24:12.989657+0000,16.5807702405106,8.817335541327245e-10
2026-07-31T01:24:15.992665+0000,16.5807702405106,8.817335541327245e-10
2026-07-31T01:24:18.990134+0000,16.5807702405106,8.817335541327245e-10
2026-07-31T01:24:21.992092+0000,16.5807702405106,8.817335541327245e-10
2026-07-31T01:24:24.992907+0000,16.5807702405106,8.817335541327245e-10
2026-07-31T01:24:27.987810+0000,16.5807702405106,8.817335541327245e-10
2026-07-31T01:24:30.988834+0000,16.5807702405106,8.817335541327245e-10
2026-07-31T01:24:33.991132+0000,16.5807702405106,8.817335541327245e-10
2026-07-31T01:24:36.988383+0000,16.5807702405106,8.817335541327245e-10
2026-07-31T01:24:39.995281+0000,16.5807702405106,8.817335541327245e-10
2026-07-31T01:24:42.986539+0000,16.5807702405106,8.817335541327245e-10
2026-07-31T01:24:45.988424+0000,16.5807702405106,8.817335541327245e-10
2026-07-31T01:24:48.992635+0000,16.5807702405106,8.817335541327245e-10
2026-07-31T01:24:51.988285+0000,16.5807702405106,8.817335541327245e-10
2026-07-31T01:24:54.985026+0000,16.5807702405106,8.817335541327245e-10
2026-07-31T01:24:57.983955+0000,16.5807702405106,8.817335541327245e-10
2026-07-31T01:25:00.985035+0000,16.5807702405106,8.817335541327245e-10
2026-07-31T01:25:03.985810+0000,16.5807702405106,8.817335541327245e-10
2026-07-31T01:25:06.994249+0000,16.5807702405106,8.817335541327245e-10
2026-07-31T01:25:09.995487+0000,16.5807702405106,8.817335541327245e-10
2026-07-31T01:25:12.996635+0000,16.5807702405106,8.817335541327245e-10
2026-07-31T01:25:15.995030+0000,16.5807702405106,8.817335541327245e-10
2026-07-31T01:25:18.992436+0000,16.5807702405106,8.817335541327245e-10
2026-07-31T01:25:21.987017+0000,16.5807702405106,8.817335541327245e-10
2026-07-31T01:25:24.990787+0000,16.5807702405106,8.817335541327245e-10
2026-07-31T01:25:27.988529+0000,16.5807702405106,8.817335541327245e-10
2026-07-31T01:25:30.997985+0000,16.5807702405106,8.817335541327245e-10
2026-07-31T01:25:33.994929+0000,16.580770240510386,8.817335541327212e-10
2026-07-31T01:25:36.990341+0000,27.19413719718895,1.0464530093003725e-9
2026-07-31T01:25:40.000417+0000,25.945505790520823,1.0270742498688831e-9
2026-07-31T01:25:42.999072+0000,1.5971933604934787,6.491884409548588e-10
2026-07-31T01:25:45.992024+0000,21.57529586718269,9.592485918586753e-10
2026-07-31T01:25:48.999761+0000,14.7078231305083,8.526654149854888e-10
2026-07-31T01:25:51.994926+0000,16.580770240510386,8.817335541327212e-10
2026-07-31T01:25:55.003978+0000,14.7078231305083,8.526654149854888e-10
2026-07-31T01:25:58.000960+0000,19.078033053846646,9.204910729956999e-10
2026-07-31T01:26:00.995415+0000,15.956454537176429,8.720441744169782e-10
2026-07-31T01:26:03.999649+0000,14.083507427174343,8.429760352697458e-10
2026-07-31T01:26:06.997638+0000,-0.2757537495086082,6.201203018076264e-10
2026-07-31T01:26:09.997466+0000,15.956454537176429,8.720441744169782e-10
2026-07-31T01:26:13.001520+0000,15.956454537176429,8.720441744169782e-10
2026-07-31T01:26:15.998889+0000,15.956454537176429,8.720441744169782e-10
2026-07-31T01:26:18.999631+0000,15.956454537176429,8.720441744169782e-10
2026-07-31T01:26:21.999839+0000,15.956454537176429,8.720441744169782e-10
2026-07-31T01:26:25.004118+0000,15.956454537176429,8.720441744169782e-10
2026-07-31T01:26:28.002004+0000,15.956454537176429,8.720441744169782e-10
2026-07-31T01:26:31.001905+0000,15.956454537176429,8.720441744169782e-10
2026-07-31T01:26:34.004246+0000,15.956454537176429,8.720441744169782e-10
2026-07-31T01:26:37.002569+0000,15.956454537176429,8.720441744169782e-10
2026-07-31T01:26:40.005904+0000,15.956454537176429,8.720441744169782e-10
2026-07-31T01:26:43.003666+0000,15.956454537176429,8.720441744169782e-10
2026-07-31T01:26:46.004769+0000,15.956454537176429,8.720441744169782e-10
2026-07-31T01:26:49.004802+0000,15.956454537176429,8.720441744169782e-10
2026-07-31T01:26:52.005148+0000,15.956454537176429,8.720441744169782e-10
2026-07-31T01:26:55.008619+0000,15.956454537176429,8.720441744169782e-10
2026-07-31T01:26:58.009341+0000,15.956454537176429,8.720441744169782e-10
2026-07-31T01:27:01.009257+0000,15.956454537176429,8.720441744169782e-10
2026-07-31T01:27:04.004952+0000,15.956454537176429,8.720441744169782e-10
2026-07-31T01:27:07.004420+0000,15.956454537176429,8.720441744169782e-10
2026-07-31T01:27:10.000910+0000,15.956454537176429,8.720441744169782e-10
2026-07-31T01:27:13.004034+0000,15.956454537176429,8.720441744169782e-10
2026-07-31T01:27:16.003723+0000,15.956454537176429,8.720441744169782e-10
2026-07-31T01:27:19.007550+0000,15.956454537176429,8.720441744169782e-10
2026-07-31T01:27:22.006426+0000,15.956454537176429,8.720441744169782e-10
2026-07-31T01:27:25.009873+0000,15.956454537176429,8.720441744169782e-10
2026-07-31T01:27:28.012729+0000,15.956454537176429,8.720441744169782e-10
2026-07-31T01:27:31.009588+0000,15.956454537176429,8.720441744169782e-10
2026-07-31T01:27:34.009819+0000,15.956454537176429,8.720441744169782e-10
2026-07-31T01:27:37.009473+0000,15.956454537176429,8.720441744169782e-10
2026-07-31T01:27:40.008410+0000,15.956454537176429,8.720441744169782e-10
2026-07-31T01:27:43.009707+0000,15.956454537176429,8.720441744169782e-10
2026-07-31T01:27:46.010404+0000,15.956454537176429,8.720441744169782e-10
2026-07-31T01:27:49.007272+0000,15.956454537176429,8.720441744169782e-10
2026-07-31T01:27:52.014584+0000,15.956454537176429,8.720441744169782e-10
2026-07-31T01:27:55.014883+0000,15.956454537176429,8.720441744169782e-10
2026-07-31T01:27:58.009845+0000,15.956454537176429,8.720441744169782e-10
2026-07-31T01:28:01.011518+0000,15.956454537176429,8.720441744169782e-10
2026-07-31T01:28:04.010157+0000,15.956454537176429,8.720441744169782e-10
2026-07-31T01:28:07.013321+0000,15.956454537176429,8.720441744169782e-10
2026-07-31T01:28:10.009183+0000,15.956454537176429,8.720441744169782e-10
2026-07-31T01:28:13.013918+0000,15.956454537176429,8.720441744169782e-10
2026-07-31T01:28:16.012662+0000,15.956454537176429,8.720441744169782e-10
2026-07-31T01:28:19.013788+0000,15.956454537176429,8.720441744169782e-10
2026-07-31T01:28:22.015697+0000,14.7078231305083,8.526654149854888e-10
2026-07-31T01:28:25.015711+0000,13.45919172384017,8.332866555539995e-10
2026-07-31T01:28:28.017008+0000,15.956454537176429,8.720441744169782e-10
2026-07-31T01:28:31.012456+0000,15.956454537176429,8.720441744169782e-10
2026-07-31T01:28:34.014415+0000,15.956454537176429,8.720441744169782e-10
2026-07-31T01:28:37.011851+0000,15.956454537176429,8.720441744169782e-10
2026-07-31T01:28:40.015984+0000,15.956454537176429,8.720441744169782e-10
2026-07-31T01:28:43.015018+0000,15.956454537176429,8.720441744169782e-10
2026-07-31T01:28:46.023170+0000,15.332138833842471,8.623547947012352e-10
2026-07-31T01:28:49.020333+0000,15.332138833842471,8.623547947012352e-10
2026-07-31T01:28:52.022774+0000,15.332138833842471,8.623547947012352e-10
2026-07-31T01:28:55.025006+0000,15.332138833842471,8.623547947012352e-10
2026-07-31T01:28:58.025228+0000,15.332138833842471,8.623547947012352e-10
2026-07-31T01:29:01.026262+0000,15.332138833842471,8.623547947012352e-10
2026-07-31T01:29:04.028948+0000,15.332138833842471,8.623547947012352e-10
2026-07-31T01:29:07.026235+0000,15.332138833842471,8.623547947012352e-10
2026-07-31T01:29:10.029110+0000,15.332138833842471,8.623547947012352e-10
2026-07-31T01:29:13.024582+0000,15.332138833842471,8.623547947012352e-10
2026-07-31T01:29:16.033761+0000,15.332138833842471,8.623547947012352e-10
2026-07-31T01:29:19.029329+0000,15.332138833842471,8.623547947012352e-10
2026-07-31T01:29:22.026065+0000,15.332138833842471,8.623547947012352e-10
2026-07-31T01:29:25.023320+0000,15.332138833842471,8.623547947012352e-10
2026-07-31T01:29:28.032524+0000,15.332138833842471,8.623547947012352e-10
2026-07-31T01:29:31.032636+0000,15.332138833842471,8.623547947012352e-10
2026-07-31T01:29:34.036850+0000,15.332138833842471,8.623547947012352e-10
2026-07-31T01:29:37.032674+0000,15.332138833842471,8.623547947012352e-10
2026-07-31T01:29:40.026793+0000,15.332138833842471,8.623547947012352e-10
2026-07-31T01:29:43.029012+0000,15.332138833842471,8.623547947012352e-10
2026-07-31T01:29:46.029932+0000,15.332138833842471,8.623547947012352e-10
2026-07-31T01:29:49.030566+0000,15.332138833842471,8.623547947012352e-10
2026-07-31T01:29:52.031106+0000,15.332138833842471,8.623547947012352e-10
2026-07-31T01:29:55.037581+0000,15.332138833842471,8.623547947012352e-10
2026-07-31T01:29:58.028385+0000,15.332138833842471,8.623547947012352e-10
2026-07-31T01:30:01.032857+0000,15.332138833842471,8.623547947012352e-10
2026-07-31T01:30:04.032279+0000,15.332138833842471,8.623547947012352e-10
2026-07-31T01:30:07.034869+0000,15.332138833842471,8.623547947012352e-10
2026-07-31T01:30:10.029542+0000,15.332138833842471,8.623547947012352e-10
2026-07-31T01:30:13.031937+0000,15.332138833842471,8.623547947012352e-10
2026-07-31T01:30:16.032084+0000,15.332138833842471,8.623547947012352e-10
2026-07-31T01:30:19.034911+0000,15.332138833842471,8.623547947012352e-10
2026-07-31T01:30:22.038614+0000,15.332138833842471,8.623547947012352e-10
2026-07-31T01:30:25.034308+0000,15.332138833842471,8.623547947012352e-10
2026-07-31T01:30:28.035455+0000,15.332138833842471,8.623547947012352e-10
2026-07-31T01:30:31.034484+0000,15.332138833842471,8.623547947012352e-10
2026-07-31T01:30:34.037979+0000,15.332138833842471,8.623547947012352e-10
2026-07-31T01:30:37.037301+0000,15.332138833842471,8.623547947012352e-10
2026-07-31T01:30:40.036605+0000,15.332138833842471,8.623547947012352e-10
2026-07-31T01:30:43.034649+0000,15.332138833842471,8.623547947012352e-10
2026-07-31T01:30:46.040497+0000,15.332138833842471,8.623547947012352e-10
2026-07-31T01:30:49.038845+0000,15.332138833842471,8.623547947012352e-10
2026-07-31T01:30:52.038262+0000,15.332138833842471,8.623547947012352e-10
2026-07-31T01:30:55.043597+0000,15.332138833842471,8.623547947012352e-10
2026-07-31T01:30:58.039648+0000,15.332138833842471,8.623547947012352e-10
2026-07-31T01:31:01.039605+0000,15.332138833842471,8.623547947012352e-10
2026-07-31T01:31:04.042758+0000,15.332138833842471,8.623547947012352e-10
2026-07-31T01:31:07.039932+0000,15.332138833842471,8.623547947012352e-10
2026-07-31T01:31:10.038063+0000,15.332138833842471,8.623547947012352e-10
2026-07-31T01:31:13.037060+0000,15.332138833842471,8.623547947012352e-10
2026-07-31T01:31:16.041604+0000,15.332138833842471,8.623547947012352e-10
2026-07-31T01:31:19.040808+0000,15.332138833842471,8.623547947012352e-10
2026-07-31T01:31:22.040566+0000,15.332138833842471,8.623547947012352e-10
2026-07-31T01:31:25.043630+0000,15.332138833842471,8.623547947012352e-10
2026-07-31T01:31:28.041285+0000,15.332138833842471,8.623547947012352e-10
2026-07-31T01:31:31.041595+0000,15.332138833842471,8.623547947012352e-10
2026-07-31T01:31:34.044560+0000,15.332138833842471,8.623547947012352e-10
2026-07-31T01:31:37.060398+0000,15.332138833842471,8.623547947012352e-10
2026-07-31T01:31:40.044100+0000,15.332138833842471,8.623547947012352e-10
2026-07-31T01:31:43.039228+0000,15.332138833842471,8.623547947012352e-10
2026-07-31T01:31:46.048673+0000,15.332138833842471,8.623547947012352e-10
2026-07-31T01:31:49.043689+0000,15.332138833842471,8.623547947012352e-10
2026-07-31T01:31:52.043238+0000,15.332138833842471,8.623547947012352e-10
2026-07-31T01:31:55.042724+0000,15.332138833842471,8.623547947012352e-10
2026-07-31T01:31:58.044697+0000,15.332138833842471,8.623547947012352e-10
2026-07-31T01:32:01.052549+0000,15.332138833842471,8.623547947012352e-10
2026-07-31T01:32:04.043697+0000,15.332138833842471,8.623547947012352e-10
2026-07-31T01:32:07.042110+0000,15.332138833842471,8.623547947012352e-10
2026-07-31T01:32:10.044365+0000,15.332138833842471,8.623547947012352e-10
2026-07-31T01:32:13.054316+0000,15.332138833842471,8.623547947012352e-10
2026-07-31T01:32:16.049405+0000,15.332138833842471,8.623547947012352e-10
2026-07-31T01:32:19.049159+0000,15.332138833842471,8.623547947012352e-10
2026-07-31T01:32:22.053434+0000,15.332138833842471,8.623547947012352e-10
2026-07-31T01:32:25.051347+0000,15.332138833842471,8.623547947012352e-10
2026-07-31T01:32:28.051275+0000,15.332138833842471,8.623547947012352e-10
2026-07-31T01:32:31.049349+0000,15.332138833842471,8.623547947012352e-10
2026-07-31T01:32:34.052810+0000,15.332138833842471,8.623547947012352e-10
2026-07-31T01:32:37.055786+0000,15.332138833842471,8.623547947012352e-10
2026-07-31T01:32:40.055342+0000,15.332138833842471,8.623547947012352e-10
2026-07-31T01:32:43.054073+0000,15.332138833842471,8.623547947012352e-10
2026-07-31T01:32:46.056242+0000,15.332138833842471,8.623547947012352e-10
2026-07-31T01:32:49.054176+0000,15.332138833842471,8.623547947012352e-10
2026-07-31T01:32:52.053836+0000,15.332138833842471,8.623547947012352e-10
2026-07-31T01:32:55.059690+0000,15.332138833842471,8.623547947012352e-10
2026-07-31T01:32:58.054714+0000,15.332138833842471,8.623547947012352e-10
2026-07-31T01:33:01.055653+0000,15.332138833842471,8.623547947012352e-10
2026-07-31T01:33:04.055446+0000,15.332138833842471,8.623547947012352e-10
2026-07-31T01:33:07.057472+0000,15.332138833842471,8.623547947012352e-10
2026-07-31T01:33:10.060365+0000,15.332138833842471,8.623547947012352e-10
2026-07-31T01:33:13.058378+0000,15.332138833842471,8.623547947012352e-10
2026-07-31T01:33:16.055273+0000,15.332138833842471,8.623547947012352e-10
2026-07-31T01:33:19.057721+0000,15.332138833842471,8.623547947012352e-10
2026-07-31T01:33:22.060953+0000,15.332138833842471,8.623547947012352e-10
2026-07-31T01:33:25.058014+0000,15.332138833842471,8.623547947012352e-10
2026-07-31T01:33:28.057094+0000,15.332138833842471,8.623547947012352e-10
2026-07-31T01:33:31.058229+0000,15.332138833842471,8.623547947012352e-10
2026-07-31T01:33:34.058971+0000,15.332138833842471,8.623547947012352e-10
2026-07-31T01:33:37.058827+0000,15.332138833842471,8.623547947012352e-10
2026-07-31T01:33:40.055923+0000,15.332138833842471,8.623547947012352e-10
2026-07-31T01:33:43.059150+0000,15.332138833842471,8.623547947012352e-10
2026-07-31T01:33:46.059637+0000,15.332138833842471,8.623547947012352e-10
2026-07-31T01:33:49.061500+0000,15.332138833842471,8.623547947012352e-10
2026-07-31T01:33:52.058382+0000,15.332138833842471,8.623547947012352e-10
2026-07-31T01:33:55.058804+0000,15.332138833842471,8.623547947012352e-10
2026-07-31T01:33:58.059501+0000,15.332138833842471,8.623547947012352e-10
2026-07-31T01:34:01.062523+0000,15.332138833842471,8.623547947012352e-10
2026-07-31T01:34:04.060311+0000,15.332138833842471,8.623547947012352e-10
2026-07-31T01:34:07.060531+0000,15.332138833842471,8.623547947012352e-10
2026-07-31T01:34:10.067278+0000,15.332138833842471,8.623547947012352e-10
2026-07-31T01:34:13.064845+0000,15.332138833842471,8.623547947012352e-10
2026-07-31T01:34:16.066249+0000,15.332138833842471,8.623547947012352e-10
2026-07-31T01:34:19.068215+0000,15.332138833842471,8.623547947012352e-10
2026-07-31T01:34:22.062929+0000,15.332138833842471,8.623547947012352e-10
2026-07-31T01:34:25.062460+0000,15.332138833842471,8.623547947012352e-10
2026-07-31T01:34:28.065088+0000,15.332138833842471,8.623547947012352e-10
2026-07-31T01:34:31.066151+0000,15.332138833842471,8.623547947012352e-10
2026-07-31T01:34:34.065722+0000,15.332138833842471,8.623547947012352e-10
2026-07-31T01:34:37.066485+0000,15.332138833842471,8.623547947012352e-10
2026-07-31T01:34:40.065571+0000,15.332138833842471,8.623547947012352e-10
2026-07-31T01:34:43.068058+0000,15.332138833842471,8.623547947012352e-10
2026-07-31T01:34:46.069172+0000,15.332138833842471,8.623547947012352e-10
2026-07-31T01:34:49.070040+0000,15.332138833842471,8.623547947012352e-10
2026-07-31T01:34:52.069007+0000,15.332138833842471,8.623547947012352e-10
2026-07-31T01:34:55.070807+0000,15.332138833842471,8.623547947012352e-10
2026-07-31T01:34:58.066749+0000,15.332138833842471,8.623547947012352e-10
2026-07-31T01:35:01.069845+0000,15.332138833842471,8.623547947012352e-10
2026-07-31T01:35:04.069391+0000,15.332138833842471,8.623547947012352e-10
2026-07-31T01:35:07.070203+0000,15.332138833842471,8.623547947012352e-10
2026-07-31T01:35:10.069864+0000,15.332138833842471,8.623547947012352e-10
2026-07-31T01:35:13.074281+0000,15.332138833842471,8.623547947012352e-10
2026-07-31T01:35:16.070945+0000,15.332138833842471,8.623547947012352e-10
2026-07-31T01:35:19.071658+0000,15.332138833842471,8.623547947012352e-10
2026-07-31T01:35:22.074999+0000,15.332138833842471,8.623547947012352e-10
2026-07-31T01:35:25.071164+0000,15.332138833842471,8.623547947012352e-10
2026-07-31T01:35:28.071861+0000,15.332138833842471,8.623547947012352e-10
2026-07-31T01:35:31.074514+0000,15.332138833842471,8.623547947012352e-10
2026-07-31T01:35:34.075971+0000,15.332138833842471,8.623547947012352e-10
2026-07-31T01:35:37.072833+0000,15.332138833842471,8.623547947012352e-10
2026-07-31T01:35:40.079133+0000,15.332138833842471,8.623547947012352e-10
2026-07-31T01:35:43.075724+0000,15.332138833842471,8.623547947012352e-10
2026-07-31T01:35:46.076191+0000,15.332138833842471,8.623547947012352e-10
2026-07-31T01:35:49.079782+0000,15.332138833842471,8.623547947012352e-10
2026-07-31T01:35:52.079760+0000,15.332138833842471,8.623547947012352e-10
2026-07-31T01:35:55.084302+0000,15.332138833842471,8.623547947012352e-10
2026-07-31T01:35:58.081714+0000,15.332138833842471,8.623547947012352e-10
2026-07-31T01:36:01.080493+0000,15.332138833842471,8.623547947012352e-10
2026-07-31T01:36:04.079055+0000,15.332138833842471,8.623547947012352e-10
2026-07-31T01:36:07.079707+0000,15.332138833842471,8.623547947012352e-10
2026-07-31T01:36:10.074662+0000,15.332138833842471,8.623547947012352e-10
2026-07-31T01:36:13.079921+0000,15.332138833842471,8.623547947012352e-10
2026-07-31T01:36:16.080457+0000,15.332138833842471,8.623547947012352e-10
2026-07-31T01:36:19.080127+0000,15.332138833842471,8.623547947012352e-10
2026-07-31T01:36:22.080428+0000,15.332138833842471,8.623547947012352e-10
2026-07-31T01:36:25.081588+0000,15.332138833842471,8.623547947012352e-10
2026-07-31T01:36:28.084215+0000,15.332138833842471,8.623547947012352e-10
2026-07-31T01:36:31.080942+0000,15.332138833842471,8.623547947012352e-10
2026-07-31T01:36:34.086237+0000,15.332138833842471,8.623547947012352e-10
2026-07-31T01:36:37.079922+0000,15.332138833842471,8.623547947012352e-10
2026-07-31T01:36:40.084764+0000,15.332138833842471,8.623547947012352e-10
2026-07-31T01:36:43.088213+0000,15.332138833842471,8.623547947012352e-10
2026-07-31T01:36:46.089899+0000,15.332138833842471,8.623547947012352e-10
2026-07-31T01:36:49.087515+0000,15.332138833842471,8.623547947012352e-10
2026-07-31T01:36:52.081529+0000,15.332138833842471,8.623547947012352e-10
2026-07-31T01:36:55.085194+0000,15.332138833842471,8.623547947012352e-10
2026-07-31T01:36:58.086155+0000,15.332138833842471,8.623547947012352e-10
2026-07-31T01:37:01.086558+0000,15.332138833842471,8.623547947012352e-10
2026-07-31T01:37:04.085505+0000,15.332138833842471,8.623547947012352e-10
2026-07-31T01:37:07.092844+0000,15.332138833842471,8.623547947012352e-10
2026-07-31T01:37:10.085514+0000,15.332138833842471,8.623547947012352e-10
2026-07-31T01:37:13.087509+0000,15.332138833842471,8.623547947012352e-10
2026-07-31T01:37:16.085299+0000,15.332138833842471,8.623547947012352e-10
2026-07-31T01:37:19.094461+0000,15.332138833842471,8.623547947012352e-10
2026-07-31T01:37:22.087860+0000,15.332138833842471,8.623547947012352e-10
2026-07-31T01:37:25.091515+0000,15.332138833842471,8.623547947012352e-10
2026-07-31T01:37:28.094153+0000,15.332138833842471,8.623547947012352e-10
2026-07-31T01:37:31.090855+0000,15.332138833842471,8.623547947012352e-10
2026-07-31T01:37:34.086862+0000,15.332138833842471,8.623547947012352e-10
2026-07-31T01:37:37.092692+0000,15.332138833842471,8.623547947012352e-10
2026-07-31T01:37:40.090287+0000,15.332138833842471,8.623547947012352e-10
2026-07-31T01:37:43.089978+0000,15.332138833842471,8.623547947012352e-10
2026-07-31T01:37:46.092531+0000,15.332138833842471,8.623547947012352e-10
2026-07-31T01:37:49.094477+0000,15.332138833842471,8.623547947012352e-10
2026-07-31T01:37:52.090987+0000,15.332138833842471,8.623547947012352e-10
2026-07-31T01:37:55.090405+0000,15.332138833842471,8.623547947012352e-10
2026-07-31T01:37:58.093089+0000,15.332138833842471,8.623547947012352e-10
2026-07-31T01:38:01.117497+0000,15.332138833842471,8.623547947012352e-10
2026-07-31T01:38:04.093154+0000,15.332138833842471,8.623547947012352e-10
2026-07-31T01:38:07.090474+0000,15.332138833842471,8.623547947012352e-10
2026-07-31T01:38:10.094215+0000,15.332138833842471,8.623547947012352e-10
2026-07-31T01:38:13.091755+0000,15.332138833842471,8.623547947012352e-10
2026-07-31T01:38:16.090365+0000,15.332138833842471,8.623547947012352e-10
2026-07-31T01:38:19.094943+0000,15.332138833842471,8.623547947012352e-10
2026-07-31T01:38:22.095062+0000,15.332138833842471,8.623547947012352e-10
2026-07-31T01:38:25.099508+0000,15.332138833842471,8.623547947012352e-10
2026-07-31T01:38:28.103655+0000,15.332138833842471,8.623547947012352e-10
2026-07-31T01:38:31.099852+0000,15.332138833842471,8.623547947012352e-10
2026-07-31T01:38:34.103009+0000,15.332138833842471,8.623547947012352e-10
2026-07-31T01:38:37.099372+0000,15.332138833842471,8.623547947012352e-10
2026-07-31T01:38:40.097825+0000,15.332138833842471,8.623547947012352e-10
2026-07-31T01:38:43.104697+0000,15.332138833842471,8.623547947012352e-10
2026-07-31T01:38:46.103996+0000,15.332138833842471,8.623547947012352e-10
2026-07-31T01:38:49.100436+0000,15.332138833842471,8.623547947012352e-10
2026-07-31T01:38:52.106306+0000,15.332138833842471,8.623547947012352e-10
2026-07-31T01:38:55.100250+0000,15.332138833842471,8.623547947012352e-10
2026-07-31T01:38:58.100006+0000,15.332138833842471,8.623547947012352e-10
2026-07-31T01:39:01.097989+0000,15.332138833842471,8.623547947012352e-10
2026-07-31T01:39:04.108127+0000,15.332138833842471,8.623547947012352e-10
2026-07-31T01:39:07.103148+0000,15.332138833842471,8.623547947012352e-10
2026-07-31T01:39:10.101965+0000,15.332138833842471,8.623547947012352e-10
2026-07-31T01:39:13.099701+0000,15.332138833842471,8.623547947012352e-10
2026-07-31T01:39:16.101026+0000,15.332138833842471,8.623547947012352e-10
2026-07-31T01:39:19.101130+0000,15.332138833842471,8.623547947012352e-10
2026-07-31T01:39:22.109084+0000,15.332138833842471,8.623547947012352e-10
2026-07-31T01:39:25.108964+0000,15.332138833842471,8.623547947012352e-10
2026-07-31T01:39:28.111867+0000,15.332138833842471,8.623547947012352e-10
2026-07-31T01:39:31.105075+0000,15.332138833842471,8.623547947012352e-10
2026-07-31T01:39:34.110990+0000,15.332138833842471,8.623547947012352e-10
2026-07-31T01:39:37.107775+0000,15.332138833842471,8.623547947012352e-10
2026-07-31T01:39:40.105962+0000,15.332138833842471,8.623547947012352e-10
2026-07-31T01:39:43.108777+0000,15.332138833842471,8.623547947012352e-10
2026-07-31T01:39:46.105650+0000,15.332138833842471,8.623547947012352e-10
2026-07-31T01:39:49.109186+0000,15.332138833842471,8.623547947012352e-10
2026-07-31T01:39:52.106412+0000,15.332138833842471,8.623547947012352e-10
2026-07-31T01:39:55.107374+0000,15.332138833842471,8.623547947012352e-10
2026-07-31T01:39:58.106670+0000,15.332138833842471,8.623547947012352e-10
2026-07-31T01:40:01.108704+0000,15.332138833842471,8.623547947012352e-10
2026-07-31T01:40:04.107955+0000,15.332138833842471,8.623547947012352e-10
2026-07-31T01:40:07.113136+0000,15.332138833842471,8.623547947012352e-10
2026-07-31T01:40:10.105700+0000,15.332138833842471,8.623547947012352e-10
2026-07-31T01:40:13.112385+0000,15.332138833842471,8.623547947012352e-10
2026-07-31T01:40:16.121866+0000,15.332138833842471,8.623547947012352e-10
2026-07-31T01:40:19.117804+0000,15.332138833842471,8.623547947012352e-10
2026-07-31T01:40:22.118830+0000,15.332138833842471,8.623547947012352e-10
2026-07-31T01:40:25.118685+0000,15.332138833842471,8.623547947012352e-10
2026-07-31T01:40:28.116007+0000,15.332138833842471,8.623547947012352e-10
2026-07-31T01:40:31.113383+0000,15.332138833842471,8.623547947012352e-10
2026-07-31T01:40:34.110554+0000,15.332138833842471,8.623547947012352e-10
2026-07-31T01:40:37.114591+0000,15.332138833842471,8.623547947012352e-10
2026-07-31T01:40:40.116321+0000,15.332138833842471,8.623547947012352e-10
2026-07-31T01:40:43.111934+0000,15.332138833842471,8.623547947012352e-10
2026-07-31T01:40:46.114398+0000,15.332138833842471,8.623547947012352e-10
2026-07-31T01:40:49.114336+0000,15.332138833842471,8.623547947012352e-10
2026-07-31T01:40:52.113798+0000,15.332138833842471,8.623547947012352e-10
2026-07-31T01:40:55.116115+0000,15.332138833842471,8.623547947012352e-10
2026-07-31T01:40:58.112161+0000,15.332138833842471,8.623547947012352e-10
2026-07-31T01:41:01.116847+0000,15.332138833842471,8.623547947012352e-10
2026-07-31T01:41:04.112167+0000,15.332138833842471,8.623547947012352e-10
2026-07-31T01:41:07.115035+0000,15.332138833842471,8.623547947012352e-10
2026-07-31T01:41:10.115483+0000,15.332138833842471,8.623547947012352e-10
2026-07-31T01:41:13.124968+0000,15.332138833842471,8.623547947012352e-10
2026-07-31T01:41:16.114915+0000,15.332138833842471,8.623547947012352e-10
2026-07-31T01:41:19.123956+0000,15.332138833842471,8.623547947012352e-10
2026-07-31T01:41:22.113261+0000,15.332138833842471,8.623547947012352e-10
2026-07-31T01:41:25.120680+0000,15.332138833842471,8.623547947012352e-10
2026-07-31T01:41:28.115661+0000,15.332138833842471,8.623547947012352e-10
2026-07-31T01:41:31.118804+0000,15.332138833842471,8.623547947012352e-10
2026-07-31T01:41:34.118872+0000,15.332138833842471,8.623547947012352e-10
2026-07-31T01:41:37.121019+0000,15.332138833842471,8.623547947012352e-10
2026-07-31T01:41:40.121307+0000,15.332138833842471,8.623547947012352e-10
2026-07-31T01:41:43.123753+0000,15.332138833842471,8.623547947012352e-10
2026-07-31T01:41:46.120537+0000,15.332138833842471,8.623547947012352e-10
2026-07-31T01:41:49.121666+0000,15.332138833842471,8.623547947012352e-10
2026-07-31T01:41:52.120470+0000,15.332138833842471,8.623547947012352e-10
2026-07-31T01:41:55.119584+0000,15.332138833842471,8.623547947012352e-10
2026-07-31T01:41:58.126621+0000,15.332138833842471,8.623547947012352e-10
2026-07-31T01:42:01.124716+0000,15.332138833842471,8.623547947012352e-10
2026-07-31T01:42:04.121550+0000,15.332138833842471,8.623547947012352e-10
2026-07-31T01:42:07.122643+0000,15.332138833842471,8.623547947012352e-10
2026-07-31T01:42:10.120948+0000,15.332138833842471,8.623547947012352e-10
2026-07-31T01:42:13.125690+0000,15.332138833842471,8.623547947012352e-10
2026-07-31T01:42:16.126300+0000,15.332138833842471,8.623547947012352e-10
2026-07-31T01:42:19.123767+0000,15.332138833842471,8.623547947012352e-10
2026-07-31T01:42:22.123436+0000,15.332138833842471,8.623547947012352e-10
2026-07-31T01:42:25.122463+0000,15.332138833842471,8.623547947012352e-10
2026-07-31T01:42:28.131859+0000,15.332138833842471,8.623547947012352e-10
2026-07-31T01:42:31.121918+0000,15.332138833842471,8.623547947012352e-10
2026-07-31T01:42:34.125773+0000,15.332138833842471,8.623547947012352e-10
2026-07-31T01:42:37.124447+0000,15.332138833842471,8.623547947012352e-10
2026-07-31T01:42:40.128494+0000,15.332138833842471,8.623547947012352e-10
2026-07-31T01:42:43.130104+0000,15.332138833842471,8.623547947012352e-10
2026-07-31T01:42:46.128382+0000,15.332138833842471,8.623547947012352e-10
2026-07-31T01:42:49.127848+0000,15.332138833842471,8.623547947012352e-10
2026-07-31T01:42:52.137281+0000,15.332138833842471,8.623547947012352e-10
2026-07-31T01:42:55.135156+0000,15.332138833842471,8.623547947012352e-10
2026-07-31T01:42:58.129141+0000,15.332138833842471,8.623547947012352e-10
2026-07-31T01:43:01.128940+0000,15.332138833842471,8.623547947012352e-10
2026-07-31T01:43:04.134204+0000,15.332138833842471,8.623547947012352e-10
2026-07-31T01:43:07.130568+0000,15.332138833842471,8.623547947012352e-10
2026-07-31T01:43:10.130052+0000,15.332138833842471,8.623547947012352e-10
2026-07-31T01:43:13.129300+0000,15.332138833842471,8.623547947012352e-10
2026-07-31T01:43:16.136414+0000,15.332138833842471,8.623547947012352e-10
2026-07-31T01:43:19.130742+0000,15.332138833842471,8.623547947012352e-10
2026-07-31T01:43:22.133253+0000,15.332138833842471,8.623547947012352e-10
2026-07-31T01:43:25.131527+0000,15.332138833842471,8.623547947012352e-10
2026-07-31T01:43:28.134990+0000,15.332138833842471,8.623547947012352e-10
2026-07-31T01:43:31.155206+0000,15.332138833842471,8.623547947012352e-10
2026-07-31T01:43:34.135464+0000,15.332138833842471,8.623547947012352e-10
2026-07-31T01:43:37.134215+0000,15.332138833842471,8.623547947012352e-10
2026-07-31T01:43:40.136577+0000,15.332138833842471,8.623547947012352e-10
2026-07-31T01:43:43.136723+0000,15.332138833842471,8.623547947012352e-10
2026-07-31T01:43:46.136139+0000,15.332138833842471,8.623547947012352e-10
2026-07-31T01:43:49.136126+0000,15.332138833842471,8.623547947012352e-10
2026-07-31T01:43:52.144176+0000,15.332138833842471,8.623547947012352e-10
2026-07-31T01:43:55.139752+0000,15.332138833842471,8.623547947012352e-10
2026-07-31T01:43:58.140632+0000,15.332138833842471,8.623547947012352e-10
2026-07-31T01:44:01.133690+0000,15.332138833842471,8.623547947012352e-10
2026-07-31T01:44:04.139000+0000,15.332138833842471,8.623547947012352e-10
2026-07-31T01:44:07.139879+0000,15.332138833842471,8.623547947012352e-10
2026-07-31T01:44:10.138455+0000,15.332138833842471,8.623547947012352e-10
2026-07-31T01:44:13.138465+0000,15.332138833842471,8.623547947012352e-10
2026-07-31T01:44:16.145581+0000,15.332138833842471,8.623547947012352e-10
2026-07-31T01:44:19.137870+0000,15.332138833842471,8.623547947012352e-10
2026-07-31T01:44:22.141183+0000,15.332138833842471,8.623547947012352e-10
2026-07-31T01:44:25.149466+0000,15.332138833842471,8.623547947012352e-10
2026-07-31T01:44:28.144387+0000,15.332138833842471,8.623547947012352e-10
2026-07-31T01:44:31.146632+0000,15.332138833842471,8.623547947012352e-10
2026-07-31T01:44:34.147908+0000,15.332138833842471,8.623547947012352e-10
2026-07-31T01:44:37.141970+0000,15.332138833842471,8.623547947012352e-10
2026-07-31T01:44:40.140520+0000,15.332138833842471,8.623547947012352e-10
2026-07-31T01:44:43.143886+0000,15.332138833842471,8.623547947012352e-10
2026-07-31T01:44:46.146030+0000,15.332138833842471,8.623547947012352e-10
2026-07-31T01:44:49.142858+0000,15.332138833842471,8.623547947012352e-10
2026-07-31T01:44:52.140807+0000,15.332138833842471,8.623547947012352e-10
2026-07-31T01:44:55.150800+0000,15.332138833842471,8.623547947012352e-10
2026-07-31T01:44:58.139896+0000,15.332138833842471,8.623547947012352e-10
2026-07-31T01:45:01.141311+0000,15.332138833842471,8.623547947012352e-10
2026-07-31T01:45:04.149253+0000,15.332138833842471,8.623547947012352e-10
2026-07-31T01:45:07.148189+0000,15.332138833842471,8.623547947012352e-10
2026-07-31T01:45:10.152781+0000,15.332138833842471,8.623547947012352e-10
2026-07-31T01:45:13.148216+0000,15.332138833842471,8.623547947012352e-10
2026-07-31T01:45:16.143504+0000,15.332138833842471,8.623547947012352e-10
2026-07-31T01:45:19.152791+0000,15.332138833842471,8.623547947012352e-10
2026-07-31T01:45:22.147442+0000,15.332138833842471,8.623547947012352e-10
2026-07-31T01:45:25.152621+0000,15.332138833842471,8.623547947012352e-10
2026-07-31T01:45:28.152540+0000,15.332138833842471,8.623547947012352e-10
2026-07-31T01:45:31.146852+0000,15.332138833842471,8.623547947012352e-10
2026-07-31T01:45:34.150553+0000,15.332138833842471,8.623547947012352e-10
2026-07-31T01:45:37.154905+0000,15.332138833842471,8.623547947012352e-10
2026-07-31T01:45:40.150390+0000,15.332138833842471,8.623547947012352e-10
2026-07-31T01:45:43.147645+0000,15.332138833842471,8.623547947012352e-10
2026-07-31T01:45:46.152963+0000,15.332138833842471,8.623547947012352e-10
2026-07-31T01:45:49.152791+0000,15.332138833842471,8.623547947012352e-10
2026-07-31T01:45:52.152844+0000,15.332138833842471,8.623547947012352e-10
2026-07-31T01:45:55.153702+0000,15.332138833842471,8.623547947012352e-10
2026-07-31T01:45:58.150697+0000,15.332138833842471,8.623547947012352e-10
2026-07-31T01:46:01.151019+0000,15.332138833842471,8.623547947012352e-10
2026-07-31T01:46:04.152616+0000,15.332138833842471,8.623547947012352e-10
2026-07-31T01:46:07.153070+0000,15.332138833842471,8.623547947012352e-10
2026-07-31T01:46:10.152260+0000,15.332138833842471,8.623547947012352e-10
2026-07-31T01:46:13.151355+0000,15.332138833842471,8.623547947012352e-10
2026-07-31T01:46:16.150498+0000,15.332138833842471,8.623547947012352e-10
2026-07-31T01:46:19.152476+0000,15.332138833842471,8.623547947012352e-10
2026-07-31T01:46:22.154066+0000,15.332138833842471,8.623547947012352e-10
2026-07-31T01:46:25.151167+0000,15.332138833842471,8.623547947012352e-10
2026-07-31T01:46:28.153686+0000,15.332138833842471,8.623547947012352e-10
2026-07-31T01:46:31.153238+0000,15.332138833842471,8.623547947012352e-10
2026-07-31T01:46:34.159681+0000,15.332138833842471,8.623547947012352e-10
2026-07-31T01:46:37.151728+0000,15.332138833842471,8.623547947012352e-10
2026-07-31T01:46:40.155122+0000,15.332138833842471,8.623547947012352e-10
2026-07-31T01:46:43.157682+0000,15.332138833842471,8.623547947012352e-10
2026-07-31T01:46:46.157872+0000,15.332138833842471,8.623547947012352e-10
2026-07-31T01:46:49.155223+0000,15.332138833842471,8.623547947012352e-10
2026-07-31T01:46:52.156216+0000,15.332138833842471,8.623547947012352e-10
2026-07-31T01:46:55.156161+0000,15.332138833842471,8.623547947012352e-10
2026-07-31T01:46:58.160029+0000,15.332138833842471,8.623547947012352e-10
2026-07-31T01:47:01.155768+0000,15.332138833842471,8.623547947012352e-10
2026-07-31T01:47:04.156968+0000,15.332138833842471,8.623547947012352e-10
2026-07-31T01:47:07.159289+0000,15.332138833842471,8.623547947012352e-10
2026-07-31T01:47:10.159487+0000,15.332138833842471,8.623547947012352e-10
2026-07-31T01:47:13.157731+0000,15.332138833842471,8.623547947012352e-10
2026-07-31T01:47:16.158928+0000,15.332138833842471,8.623547947012352e-10
2026-07-31T01:47:19.156879+0000,15.332138833842471,8.623547947012352e-10
2026-07-31T01:47:22.162378+0000,15.332138833842471,8.623547947012352e-10
2026-07-31T01:47:25.164884+0000,15.332138833842471,8.623547947012352e-10
2026-07-31T01:47:28.163453+0000,15.332138833842471,8.623547947012352e-10
2026-07-31T01:47:31.163192+0000,15.332138833842471,8.623547947012352e-10
2026-07-31T01:47:34.163791+0000,15.332138833842471,8.623547947012352e-10
2026-07-31T01:47:37.161941+0000,15.332138833842471,8.623547947012352e-10
2026-07-31T01:47:40.171056+0000,15.332138833842471,8.623547947012352e-10
2026-07-31T01:47:43.162915+0000,15.332138833842471,8.623547947012352e-10
2026-07-31T01:47:46.165752+0000,15.332138833842471,8.623547947012352e-10
2026-07-31T01:47:49.161295+0000,15.332138833842471,8.623547947012352e-10
2026-07-31T01:47:52.170074+0000,15.332138833842471,8.623547947012352e-10
2026-07-31T01:47:55.165027+0000,15.332138833842471,8.623547947012352e-10
2026-07-31T01:47:58.166806+0000,15.332138833842471,8.623547947012352e-10
2026-07-31T01:48:01.169761+0000,15.332138833842471,8.623547947012352e-10
2026-07-31T01:48:04.165943+0000,15.332138833842471,8.623547947012352e-10
2026-07-31T01:48:07.167390+0000,15.332138833842471,8.623547947012352e-10
2026-07-31T01:48:10.165350+0000,15.332138833842471,8.623547947012352e-10
2026-07-31T01:48:13.171203+0000,15.332138833842471,8.623547947012352e-10
2026-07-31T01:48:16.168268+0000,15.332138833842471,8.623547947012352e-10
2026-07-31T01:48:19.171351+0000,15.332138833842471,8.623547947012352e-10
2026-07-31T01:48:22.175924+0000,15.332138833842471,8.623547947012352e-10
2026-07-31T01:48:25.170282+0000,15.332138833842471,8.623547947012352e-10
2026-07-31T01:48:28.172137+0000,15.332138833842471,8.623547947012352e-10
2026-07-31T01:48:31.170563+0000,15.332138833842471,8.623547947012352e-10
2026-07-31T01:48:34.173920+0000,15.332138833842471,8.623547947012352e-10
2026-07-31T01:48:37.172824+0000,15.332138833842471,8.623547947012352e-10
2026-07-31T01:48:40.176462+0000,15.332138833842471,8.623547947012352e-10
2026-07-31T01:48:43.172628+0000,15.332138833842471,8.623547947012352e-10
2026-07-31T01:48:46.175119+0000,15.332138833842471,8.623547947012352e-10
2026-07-31T01:48:49.173122+0000,15.332138833842471,8.623547947012352e-10
2026-07-31T01:48:52.181664+0000,15.332138833842471,8.623547947012352e-10
2026-07-31T01:48:55.178646+0000,15.332138833842471,8.623547947012352e-10
2026-07-31T01:48:58.174708+0000,15.332138833842471,8.623547947012352e-10
2026-07-31T01:49:01.176109+0000,15.332138833842471,8.623547947012352e-10
2026-07-31T01:49:04.182819+0000,15.332138833842471,8.623547947012352e-10
2026-07-31T01:49:07.175247+0000,15.332138833842471,8.623547947012352e-10
2026-07-31T01:49:10.177658+0000,15.332138833842471,8.623547947012352e-10
2026-07-31T01:49:13.177664+0000,15.332138833842471,8.623547947012352e-10
2026-07-31T01:49:16.177218+0000,15.332138833842471,8.623547947012352e-10
2026-07-31T01:49:19.175449+0000,15.332138833842471,8.623547947012352e-10
2026-07-31T01:49:22.178536+0000,15.332138833842471,8.623547947012352e-10
2026-07-31T01:49:25.181328+0000,15.332138833842471,8.623547947012352e-10
2026-07-31T01:49:28.182260+0000,15.332138833842471,8.623547947012352e-10
2026-07-31T01:49:31.178596+0000,15.332138833842471,8.623547947012352e-10
2026-07-31T01:49:34.184392+0000,15.332138833842471,8.623547947012352e-10
2026-07-31T01:49:37.184805+0000,15.332138833842471,8.623547947012352e-10
2026-07-31T01:49:40.182725+0000,15.332138833842471,8.623547947012352e-10
2026-07-31T01:49:43.181605+0000,15.332138833842471,8.623547947012352e-10
2026-07-31T01:49:46.184571+0000,15.332138833842471,8.623547947012352e-10
2026-07-31T01:49:49.179549+0000,15.332138833842471,8.623547947012352e-10
2026-07-31T01:49:52.181459+0000,15.332138833842471,8.623547947012352e-10
2026-07-31T01:49:55.187195+0000,15.332138833842471,8.623547947012352e-10
2026-07-31T01:49:58.182827+0000,15.332138833842471,8.623547947012352e-10
2026-07-31T01:50:01.183850+0000,15.332138833842471,8.623547947012352e-10
2026-07-31T01:50:04.189230+0000,15.332138833842471,8.623547947012352e-10
2026-07-31T01:50:07.186002+0000,15.332138833842471,8.623547947012352e-10
2026-07-31T01:50:10.187481+0000,15.332138833842471,8.623547947012352e-10
2026-07-31T01:50:13.186054+0000,15.332138833842471,8.623547947012352e-10
2026-07-31T01:50:16.186182+0000,15.332138833842471,8.623547947012352e-10
2026-07-31T01:50:19.187955+0000,15.332138833842471,8.623547947012352e-10
2026-07-31T01:50:22.188514+0000,15.332138833842471,8.623547947012352e-10
2026-07-31T01:50:25.188313+0000,15.332138833842471,8.623547947012352e-10
2026-07-31T01:50:28.181593+0000,15.332138833842471,8.623547947012352e-10
2026-07-31T01:50:31.188736+0000,15.332138833842471,8.623547947012352e-10
2026-07-31T01:50:34.188758+0000,15.332138833842471,8.623547947012352e-10
2026-07-31T01:50:37.190564+0000,15.332138833842471,8.623547947012352e-10
2026-07-31T01:50:40.193028+0000,15.332138833842471,8.623547947012352e-10
2026-07-31T01:50:43.188865+0000,15.332138833842471,8.623547947012352e-10
2026-07-31T01:50:46.184304+0000,15.332138833842471,8.623547947012352e-10
2026-07-31T01:50:49.189551+0000,15.332138833842471,8.623547947012352e-10
2026-07-31T01:50:52.187599+0000,15.332138833842471,8.623547947012352e-10
2026-07-31T01:50:55.196256+0000,15.332138833842471,8.623547947012352e-10
2026-07-31T01:50:58.190070+0000,15.332138833842471,8.623547947012352e-10
2026-07-31T01:51:01.191768+0000,15.332138833842471,8.623547947012352e-10
2026-07-31T01:51:04.196224+0000,15.332138833842471,8.623547947012352e-10
2026-07-31T01:51:07.189897+0000,15.332138833842471,8.623547947012352e-10
2026-07-31T01:51:10.195369+0000,15.332138833842471,8.623547947012352e-10
2026-07-31T01:51:13.194480+0000,15.332138833842471,8.623547947012352e-10
2026-07-31T01:51:16.197571+0000,15.332138833842471,8.623547947012352e-10
2026-07-31T01:51:19.197845+0000,15.332138833842471,8.623547947012352e-10
2026-07-31T01:51:22.195982+0000,15.332138833842471,8.623547947012352e-10
2026-07-31T01:51:25.196911+0000,15.332138833842471,8.623547947012352e-10
2026-07-31T01:51:28.194125+0000,15.332138833842471,8.623547947012352e-10
2026-07-31T01:51:31.195435+0000,15.332138833842471,8.623547947012352e-10
2026-07-31T01:51:34.198494+0000,15.332138833842471,8.623547947012352e-10
2026-07-31T01:51:37.195868+0000,15.332138833842471,8.623547947012352e-10
2026-07-31T01:51:40.202502+0000,15.332138833842471,8.623547947012352e-10
2026-07-31T01:51:43.197714+0000,15.332138833842471,8.623547947012352e-10
2026-07-31T01:51:46.197255+0000,15.332138833842471,8.623547947012352e-10
2026-07-31T01:51:49.197588+0000,15.332138833842471,8.623547947012352e-10
2026-07-31T01:51:52.195248+0000,15.332138833842471,8.623547947012352e-10
2026-07-31T01:51:55.201800+0000,15.332138833842471,8.623547947012352e-10
2026-07-31T01:51:58.197725+0000,15.332138833842471,8.623547947012352e-10
2026-07-31T01:52:01.196653+0000,15.332138833842471,8.623547947012352e-10
2026-07-31T01:52:04.201764+0000,15.332138833842471,8.623547947012352e-10
2026-07-31T01:52:07.200364+0000,15.332138833842471,8.623547947012352e-10
2026-07-31T01:52:10.199122+0000,15.332138833842471,8.623547947012352e-10
2026-07-31T01:52:13.203121+0000,15.332138833842471,8.623547947012352e-10
2026-07-31T01:52:16.201195+0000,15.332138833842471,8.623547947012352e-10
2026-07-31T01:52:19.198339+0000,15.332138833842471,8.623547947012352e-10
2026-07-31T01:52:22.201293+0000,15.332138833842471,8.623547947012352e-10
2026-07-31T01:52:25.201275+0000,15.332138833842471,8.623547947012352e-10
2026-07-31T01:52:28.206880+0000,15.332138833842471,8.623547947012352e-10
2026-07-31T01:52:31.202339+0000,15.332138833842471,8.623547947012352e-10
2026-07-31T01:52:34.201876+0000,15.332138833842471,8.623547947012352e-10
2026-07-31T01:52:37.203918+0000,15.332138833842471,8.623547947012352e-10
2026-07-31T01:52:40.200479+0000,15.332138833842471,8.623547947012352e-10
2026-07-31T01:52:43.201862+0000,15.332138833842471,8.623547947012352e-10
2026-07-31T01:52:46.202932+0000,15.332138833842471,8.623547947012352e-10
2026-07-31T01:52:49.206908+0000,15.332138833842471,8.623547947012352e-10
2026-07-31T01:52:52.211496+0000,15.332138833842471,8.623547947012352e-10
2026-07-31T01:52:55.206153+0000,15.332138833842471,8.623547947012352e-10
2026-07-31T01:52:58.206251+0000,15.332138833842471,8.623547947012352e-10
2026-07-31T01:53:01.205677+0000,15.332138833842471,8.623547947012352e-10
2026-07-31T01:53:04.203394+0000,15.332138833842471,8.623547947012352e-10
2026-07-31T01:53:07.207315+0000,15.332138833842471,8.623547947012352e-10
2026-07-31T01:53:10.207082+0000,15.332138833842471,8.623547947012352e-10
2026-07-31T01:53:13.207251+0000,15.332138833842471,8.623547947012352e-10
2026-07-31T01:53:16.207380+0000,15.332138833842471,8.623547947012352e-10
2026-07-31T01:53:19.214960+0000,15.332138833842471,8.623547947012352e-10
2026-07-31T01:53:22.209117+0000,15.332138833842471,8.623547947012352e-10
2026-07-31T01:53:25.206646+0000,15.332138833842471,8.623547947012352e-10
2026-07-31T01:53:28.206369+0000,15.332138833842471,8.623547947012352e-10
2026-07-31T01:53:31.210685+0000,15.332138833842471,8.623547947012352e-10
2026-07-31T01:53:34.211199+0000,15.332138833842471,8.623547947012352e-10
2026-07-31T01:53:37.211866+0000,15.332138833842471,8.623547947012352e-10
2026-07-31T01:53:40.217365+0000,15.332138833842471,8.623547947012352e-10
2026-07-31T01:53:43.213126+0000,15.332138833842471,8.623547947012352e-10
2026-07-31T01:53:46.213544+0000,15.332138833842471,8.623547947012352e-10
2026-07-31T01:53:49.213890+0000,15.332138833842471,8.623547947012352e-10
2026-07-31T01:53:52.210182+0000,15.332138833842471,8.623547947012352e-10
2026-07-31T01:53:55.212610+0000,15.332138833842471,8.623547947012352e-10
2026-07-31T01:53:58.210877+0000,15.332138833842471,8.623547947012352e-10
2026-07-31T01:54:01.215455+0000,15.332138833842471,8.623547947012352e-10
2026-07-31T01:54:04.213118+0000,15.332138833842471,8.623547947012352e-10
2026-07-31T01:54:07.214757+0000,15.332138833842471,8.623547947012352e-10
2026-07-31T01:54:10.215040+0000,15.332138833842471,8.623547947012352e-10
2026-07-31T01:54:13.215367+0000,15.332138833842471,8.623547947012352e-10
2026-07-31T01:54:16.210598+0000,15.332138833842471,8.623547947012352e-10
2026-07-31T01:54:19.214362+0000,15.332138833842471,8.623547947012352e-10
2026-07-31T01:54:22.211094+0000,15.332138833842471,8.623547947012352e-10
2026-07-31T01:54:25.217146+0000,15.332138833842471,8.623547947012352e-10
2026-07-31T01:54:28.214872+0000,15.332138833842471,8.623547947012352e-10
2026-07-31T01:54:31.211581+0000,15.332138833842471,8.623547947012352e-10
2026-07-31T01:54:34.214224+0000,15.332138833842471,8.623547947012352e-10
2026-07-31T01:54:37.220073+0000,15.332138833842471,8.623547947012352e-10
2026-07-31T01:54:40.213194+0000,15.332138833842471,8.623547947012352e-10
2026-07-31T01:54:43.215525+0000,15.332138833842471,8.623547947012352e-10
2026-07-31T01:54:46.220747+0000,15.332138833842471,8.623547947012352e-10
2026-07-31T01:54:49.219195+0000,15.332138833842471,8.623547947012352e-10
2026-07-31T01:54:52.216471+0000,15.332138833842471,8.623547947012352e-10
2026-07-31T01:54:55.220658+0000,15.332138833842471,8.623547947012352e-10
2026-07-31T01:54:58.218890+0000,15.332138833842471,8.623547947012352e-10
2026-07-31T01:55:01.217474+0000,15.332138833842471,8.623547947012352e-10
2026-07-31T01:55:04.217340+0000,15.332138833842471,8.623547947012352e-10
2026-07-31T01:55:07.219292+0000,15.332138833842471,8.623547947012352e-10
2026-07-31T01:55:10.222313+0000,15.332138833842471,8.623547947012352e-10
2026-07-31T01:55:13.224369+0000,15.332138833842471,8.623547947012352e-10
2026-07-31T01:55:16.216670+0000,15.332138833842471,8.623547947012352e-10
2026-07-31T01:55:19.224373+0000,15.332138833842471,8.623547947012352e-10
2026-07-31T01:55:22.229141+0000,15.332138833842471,8.623547947012352e-10
2026-07-31T01:55:25.229803+0000,15.332138833842471,8.623547947012352e-10
2026-07-31T01:55:28.225106+0000,15.332138833842471,8.623547947012352e-10
2026-07-31T01:55:31.230138+0000,15.332138833842471,8.623547947012352e-10
2026-07-31T01:55:34.231061+0000,15.332138833842471,8.623547947012352e-10
2026-07-31T01:55:37.228625+0000,15.332138833842471,8.623547947012352e-10
2026-07-31T01:55:40.228426+0000,15.332138833842471,8.623547947012352e-10
2026-07-31T01:55:43.226405+0000,15.332138833842471,8.623547947012352e-10
2026-07-31T01:55:46.231680+0000,15.332138833842471,8.623547947012352e-10
2026-07-31T01:55:49.230296+0000,15.332138833842471,8.623547947012352e-10
2026-07-31T01:55:52.224209+0000,15.332138833842471,8.623547947012352e-10
2026-07-31T01:55:55.235458+0000,15.332138833842471,8.623547947012352e-10
2026-07-31T01:55:58.233748+0000,15.332138833842471,8.623547947012352e-10
2026-07-31T01:56:01.228019+0000,15.332138833842471,8.623547947012352e-10
2026-07-31T01:56:04.235686+0000,15.332138833842471,8.623547947012352e-10
2026-07-31T01:56:07.240407+0000,15.332138833842471,8.623547947012352e-10
2026-07-31T01:56:10.233325+0000,15.332138833842471,8.623547947012352e-10
2026-07-31T01:56:13.235223+0000,15.332138833842471,8.623547947012352e-10
2026-07-31T01:56:16.231855+0000,15.332138833842471,8.623547947012352e-10
2026-07-31T01:56:19.234490+0000,15.332138833842471,8.623547947012352e-10
2026-07-31T01:56:22.240000+0000,15.332138833842471,8.623547947012352e-10
2026-07-31T01:56:25.236192+0000,15.332138833842471,8.623547947012352e-10
2026-07-31T01:56:28.236986+0000,15.332138833842471,8.623547947012352e-10
2026-07-31T01:56:31.236844+0000,15.332138833842471,8.623547947012352e-10
2026-07-31T01:56:34.238079+0000,15.332138833842471,8.623547947012352e-10
2026-07-31T01:56:37.239581+0000,15.332138833842471,8.623547947012352e-10
2026-07-31T01:56:40.239426+0000,15.332138833842471,8.623547947012352e-10
2026-07-31T01:56:43.236316+0000,15.332138833842471,8.623547947012352e-10
2026-07-31T01:56:46.241394+0000,15.332138833842471,8.623547947012352e-10
2026-07-31T01:56:49.240502+0000,15.332138833842471,8.623547947012352e-10
2026-07-31T01:56:52.240369+0000,15.332138833842471,8.623547947012352e-10
2026-07-31T01:56:55.237400+0000,15.332138833842471,8.623547947012352e-10
2026-07-31T01:56:58.241108+0000,15.332138833842471,8.623547947012352e-10
2026-07-31T01:57:01.242280+0000,15.332138833842471,8.623547947012352e-10
2026-07-31T01:57:04.243591+0000,15.332138833842471,8.623547947012352e-10
2026-07-31T01:57:07.241012+0000,15.332138833842471,8.623547947012352e-10
2026-07-31T01:57:10.246003+0000,15.332138833842471,8.623547947012352e-10
2026-07-31T01:57:13.241870+0000,15.332138833842471,8.623547947012352e-10
2026-07-31T01:57:16.242740+0000,15.332138833842471,8.623547947012352e-10
2026-07-31T01:57:19.243004+0000,15.332138833842471,8.623547947012352e-10
2026-07-31T01:57:22.243613+0000,15.332138833842471,8.623547947012352e-10
2026-07-31T01:57:25.246284+0000,15.332138833842471,8.623547947012352e-10
2026-07-31T01:57:28.242439+0000,15.332138833842471,8.623547947012352e-10
2026-07-31T01:57:31.245252+0000,15.332138833842471,8.623547947012352e-10
2026-07-31T01:57:34.246075+0000,15.332138833842471,8.623547947012352e-10
2026-07-31T01:57:37.249061+0000,15.332138833842471,8.623547947012352e-10
2026-07-31T01:57:40.250657+0000,15.332138833842471,8.623547947012352e-10
2026-07-31T01:57:43.243592+0000,15.332138833842471,8.623547947012352e-10
2026-07-31T01:57:46.253696+0000,15.332138833842471,8.623547947012352e-10
2026-07-31T01:57:49.247057+0000,15.332138833842471,8.623547947012352e-10
2026-07-31T01:57:52.250184+0000,15.332138833842471,8.623547947012352e-10
2026-07-31T01:57:55.248163+0000,15.332138833842471,8.623547947012352e-10
2026-07-31T01:57:58.258109+0000,15.332138833842471,8.623547947012352e-10
2026-07-31T01:58:01.249077+0000,15.332138833842471,8.623547947012352e-10
2026-07-31T01:58:04.248180+0000,15.332138833842471,8.623547947012352e-10
2026-07-31T01:58:07.249436+0000,15.332138833842471,8.623547947012352e-10
2026-07-31T01:58:10.247174+0000,15.332138833842471,8.623547947012352e-10
2026-07-31T01:58:13.250203+0000,15.332138833842471,8.623547947012352e-10
2026-07-31T01:58:16.250554+0000,15.332138833842471,8.623547947012352e-10
2026-07-31T01:58:19.254745+0000,15.332138833842471,8.623547947012352e-10
2026-07-31T01:58:22.247520+0000,15.332138833842471,8.623547947012352e-10
2026-07-31T01:58:25.248849+0000,15.332138833842471,8.623547947012352e-10
2026-07-31T01:58:28.249890+0000,15.332138833842471,8.623547947012352e-10
2026-07-31T01:58:31.251974+0000,15.332138833842471,8.623547947012352e-10
2026-07-31T01:58:34.250310+0000,15.332138833842471,8.623547947012352e-10
2026-07-31T01:58:37.250159+0000,15.332138833842471,8.623547947012352e-10
2026-07-31T01:58:40.253500+0000,15.332138833842471,8.623547947012352e-10
2026-07-31T01:58:43.255787+0000,15.332138833842471,8.623547947012352e-10
2026-07-31T01:58:46.258375+0000,15.332138833842471,8.623547947012352e-10
2026-07-31T01:58:49.257481+0000,15.332138833842471,8.623547947012352e-10
2026-07-31T01:58:52.257589+0000,15.332138833842471,8.623547947012352e-10
2026-07-31T01:58:55.251206+0000,15.332138833842471,8.623547947012352e-10
2026-07-31T01:58:58.255751+0000,15.332138833842471,8.623547947012352e-10
2026-07-31T01:59:01.256573+0000,15.332138833842471,8.623547947012352e-10
2026-07-31T01:59:04.256978+0000,15.332138833842471,8.623547947012352e-10
2026-07-31T01:59:07.257627+0000,15.332138833842471,8.623547947012352e-10
2026-07-31T01:59:10.256320+0000,15.332138833842471,8.623547947012352e-10
2026-07-31T01:59:13.258559+0000,15.332138833842471,8.623547947012352e-10
2026-07-31T01:59:16.261276+0000,15.332138833842471,8.623547947012352e-10
2026-07-31T01:59:19.257284+0000,15.332138833842471,8.623547947012352e-10
2026-07-31T01:59:22.262886+0000,15.332138833842471,8.623547947012352e-10
2026-07-31T01:59:25.260710+0000,15.332138833842471,8.623547947012352e-10
2026-07-31T01:59:28.261012+0000,15.332138833842471,8.623547947012352e-10
2026-07-31T01:59:31.267660+0000,15.332138833842471,8.623547947012352e-10
2026-07-31T01:59:34.261762+0000,15.332138833842471,8.623547947012352e-10
2026-07-31T01:59:37.262048+0000,15.332138833842471,8.623547947012352e-10
2026-07-31T01:59:40.257767+0000,15.332138833842471,8.623547947012352e-10
2026-07-31T01:59:43.261661+0000,15.332138833842471,8.623547947012352e-10
2026-07-31T01:59:46.262695+0000,15.332138833842471,8.623547947012352e-10
2026-07-31T01:59:49.262175+0000,15.332138833842471,8.623547947012352e-10
2026-07-31T01:59:52.267920+0000,15.332138833842471,8.623547947012352e-10
2026-07-31T01:59:55.260589+0000,15.332138833842471,8.623547947012352e-10
2026-07-31T01:59:58.264348+0000,15.332138833842471,8.623547947012352e-10
2026-07-31T02:00:01.264624+0000,15.332138833842471,8.623547947012352e-10
2026-07-31T02:00:04.267170+0000,15.332138833842471,8.623547947012352e-10
2026-07-31T02:00:07.264524+0000,15.332138833842471,8.623547947012352e-10
2026-07-31T02:00:10.266322+0000,15.332138833842471,8.623547947012352e-10
2026-07-31T02:00:13.265151+0000,15.332138833842471,8.623547947012352e-10
2026-07-31T02:00:16.263433+0000,15.332138833842471,8.623547947012352e-10
2026-07-31T02:00:19.266661+0000,15.332138833842471,8.623547947012352e-10
2026-07-31T02:00:22.267421+0000,15.332138833842471,8.623547947012352e-10
2026-07-31T02:00:25.269082+0000,15.332138833842471,8.623547947012352e-10
2026-07-31T02:00:28.267075+0000,15.332138833842471,8.623547947012352e-10
2026-07-31T02:00:31.268148+0000,15.332138833842471,8.623547947012352e-10
2026-07-31T02:00:34.268305+0000,15.332138833842471,8.623547947012352e-10
2026-07-31T02:00:37.267603+0000,15.332138833842471,8.623547947012352e-10
2026-07-31T02:00:40.269782+0000,15.332138833842471,8.623547947012352e-10
2026-07-31T02:00:43.269740+0000,15.332138833842471,8.623547947012352e-10
2026-07-31T02:00:46.267519+0000,15.332138833842471,8.623547947012352e-10
2026-07-31T02:00:49.269287+0000,15.332138833842471,8.623547947012352e-10
2026-07-31T02:00:52.271141+0000,15.332138833842471,8.623547947012352e-10
2026-07-31T02:00:55.274086+0000,15.332138833842471,8.623547947012352e-10
2026-07-31T02:00:58.271565+0000,15.332138833842471,8.623547947012352e-10
2026-07-31T02:01:01.272047+0000,15.332138833842471,8.623547947012352e-10
2026-07-31T02:01:04.278502+0000,15.332138833842471,8.623547947012352e-10
2026-07-31T02:01:07.276450+0000,15.332138833842471,8.623547947012352e-10
2026-07-31T02:01:10.273710+0000,15.332138833842471,8.623547947012352e-10
2026-07-31T02:01:13.274302+0000,15.332138833842471,8.623547947012352e-10
2026-07-31T02:01:16.272712+0000,15.332138833842471,8.623547947012352e-10
2026-07-31T02:01:19.276911+0000,15.332138833842471,8.623547947012352e-10
2026-07-31T02:01:22.274312+0000,15.332138833842471,8.623547947012352e-10
2026-07-31T02:01:25.276464+0000,15.332138833842471,8.623547947012352e-10
2026-07-31T02:01:28.275672+0000,15.332138833842471,8.623547947012352e-10
2026-07-31T02:01:31.276653+0000,15.332138833842471,8.623547947012352e-10
2026-07-31T02:01:34.278702+0000,15.332138833842471,8.623547947012352e-10
2026-07-31T02:01:37.278697+0000,15.332138833842471,8.623547947012352e-10
2026-07-31T02:01:40.277138+0000,15.332138833842471,8.623547947012352e-10
2026-07-31T02:01:43.277001+0000,15.332138833842471,8.623547947012352e-10
2026-07-31T02:01:46.276527+0000,15.332138833842471,8.623547947012352e-10
2026-07-31T02:01:49.278336+0000,15.332138833842471,8.623547947012352e-10
2026-07-31T02:01:52.276882+0000,15.332138833842471,8.623547947012352e-10
2026-07-31T02:01:55.278438+0000,15.332138833842471,8.623547947012352e-10
2026-07-31T02:01:58.276043+0000,15.332138833842471,8.623547947012352e-10
2026-07-31T02:02:01.279653+0000,15.332138833842471,8.623547947012352e-10
2026-07-31T02:02:04.284155+0000,15.332138833842471,8.623547947012352e-10
2026-07-31T02:02:07.278497+0000,15.332138833842471,8.623547947012352e-10
2026-07-31T02:02:10.281076+0000,15.332138833842471,8.623547947012352e-10
2026-07-31T02:02:13.282073+0000,15.332138833842471,8.623547947012352e-10
2026-07-31T02:02:16.279914+0000,15.332138833842471,8.623547947012352e-10
2026-07-31T02:02:19.282233+0000,15.332138833842471,8.623547947012352e-10
2026-07-31T02:02:22.279145+0000,15.332138833842471,8.623547947012352e-10
2026-07-31T02:02:25.278893+0000,15.332138833842471,8.623547947012352e-10
2026-07-31T02:02:28.282285+0000,15.332138833842471,8.623547947012352e-10
2026-07-31T02:02:31.283476+0000,15.332138833842471,8.623547947012352e-10
2026-07-31T02:02:34.284338+0000,15.332138833842471,8.623547947012352e-10
2026-07-31T02:02:37.279331+0000,15.332138833842471,8.623547947012352e-10
2026-07-31T02:02:40.286071+0000,15.332138833842471,8.623547947012352e-10
2026-07-31T02:02:43.286250+0000,15.332138833842471,8.623547947012352e-10
2026-07-31T02:02:46.287608+0000,15.332138833842471,8.623547947012352e-10
2026-07-31T02:02:49.285094+0000,15.332138833842471,8.623547947012352e-10
2026-07-31T02:02:52.286077+0000,15.332138833842471,8.623547947012352e-10
2026-07-31T02:02:55.286983+0000,15.332138833842471,8.623547947012352e-10
2026-07-31T02:02:58.285878+0000,15.332138833842471,8.623547947012352e-10
2026-07-31T02:03:01.286772+0000,15.332138833842471,8.623547947012352e-10
2026-07-31T02:03:04.287121+0000,15.332138833842471,8.623547947012352e-10
2026-07-31T02:03:07.287456+0000,15.332138833842471,8.623547947012352e-10
2026-07-31T02:03:10.284219+0000,15.332138833842471,8.623547947012352e-10
2026-07-31T02:03:13.289003+0000,15.332138833842471,8.623547947012352e-10
2026-07-31T02:03:16.288100+0000,15.332138833842471,8.623547947012352e-10
2026-07-31T02:03:19.292433+0000,15.332138833842471,8.623547947012352e-10
2026-07-31T02:03:22.288323+0000,15.332138833842471,8.623547947012352e-10
2026-07-31T02:03:25.285277+0000,15.332138833842471,8.623547947012352e-10
2026-07-31T02:03:28.287772+0000,15.332138833842471,8.623547947012352e-10
2026-07-31T02:03:31.287106+0000,15.332138833842471,8.623547947012352e-10
2026-07-31T02:03:34.292138+0000,15.332138833842471,8.623547947012352e-10
2026-07-31T02:03:37.291113+0000,15.332138833842471,8.623547947012352e-10
2026-07-31T02:03:40.289860+0000,15.332138833842471,8.623547947012352e-10
2026-07-31T02:03:43.292945+0000,15.332138833842471,8.623547947012352e-10
2026-07-31T02:03:46.295571+0000,15.332138833842471,8.623547947012352e-10
2026-07-31T02:03:49.292581+0000,15.332138833842471,8.623547947012352e-10
2026-07-31T02:03:52.295469+0000,15.332138833842471,8.623547947012352e-10
2026-07-31T02:03:55.295555+0000,15.332138833842471,8.623547947012352e-10
2026-07-31T02:03:58.297192+0000,15.332138833842471,8.623547947012352e-10
2026-07-31T02:04:01.294903+0000,15.332138833842471,8.623547947012352e-10
2026-07-31T02:04:04.294658+0000,15.332138833842471,8.623547947012352e-10
2026-07-31T02:04:07.295278+0000,15.332138833842471,8.623547947012352e-10
2026-07-31T02:04:10.298152+0000,15.332138833842471,8.623547947012352e-10
2026-07-31T02:04:13.296717+0000,15.332138833842471,8.623547947012352e-10
2026-07-31T02:04:16.295410+0000,15.332138833842471,8.623547947012352e-10
2026-07-31T02:04:19.301602+0000,15.332138833842471,8.623547947012352e-10
2026-07-31T02:04:22.301712+0000,15.332138833842471,8.623547947012352e-10
2026-07-31T02:04:25.299313+0000,15.332138833842471,8.623547947012352e-10
2026-07-31T02:04:28.301620+0000,15.332138833842471,8.623547947012352e-10
2026-07-31T02:04:31.299473+0000,15.332138833842471,8.623547947012352e-10
2026-07-31T02:04:34.300627+0000,15.332138833842471,8.623547947012352e-10
2026-07-31T02:04:37.300175+0000,15.332138833842471,8.623547947012352e-10
2026-07-31T02:04:40.299611+0000,15.332138833842471,8.623547947012352e-10
2026-07-31T02:04:43.300409+0000,15.332138833842471,8.623547947012352e-10
2026-07-31T02:04:46.306659+0000,15.332138833842471,8.623547947012352e-10
2026-07-31T02:04:49.302238+0000,15.332138833842471,8.623547947012352e-10
2026-07-31T02:04:52.304172+0000,15.332138833842471,8.623547947012352e-10
2026-07-31T02:04:55.300673+0000,15.332138833842471,8.623547947012352e-10
2026-07-31T02:04:58.302571+0000,15.332138833842471,8.623547947012352e-10
2026-07-31T02:05:01.302357+0000,15.332138833842471,8.623547947012352e-10
2026-07-31T02:05:04.304085+0000,15.332138833842471,8.623547947012352e-10
2026-07-31T02:05:07.303617+0000,15.332138833842471,8.623547947012352e-10
2026-07-31T02:05:10.306917+0000,15.332138833842471,8.623547947012352e-10
2026-07-31T02:05:13.307980+0000,15.332138833842471,8.623547947012352e-10
2026-07-31T02:05:16.304540+0000,15.332138833842471,8.623547947012352e-10
2026-07-31T02:05:19.324608+0000,15.332138833842471,8.623547947012352e-10
2026-07-31T02:05:22.325648+0000,15.332138833842471,8.623547947012352e-10
2026-07-31T02:05:25.323428+0000,15.332138833842471,8.623547947012352e-10
2026-07-31T02:05:28.325546+0000,15.332138833842471,8.623547947012352e-10
2026-07-31T02:05:31.328985+0000,15.332138833842471,8.623547947012352e-10
2026-07-31T02:05:34.324570+0000,15.332138833842471,8.623547947012352e-10
2026-07-31T02:05:37.326176+0000,15.332138833842471,8.623547947012352e-10
2026-07-31T02:05:40.322960+0000,15.332138833842471,8.623547947012352e-10
2026-07-31T02:05:43.324915+0000,15.332138833842471,8.623547947012352e-10
2026-07-31T02:05:46.328665+0000,15.332138833842471,8.623547947012352e-10
2026-07-31T02:05:49.322369+0000,15.332138833842471,8.623547947012352e-10
2026-07-31T02:05:52.320557+0000,15.332138833842471,8.623547947012352e-10
2026-07-31T02:05:55.329330+0000,15.332138833842471,8.623547947012352e-10
2026-07-31T02:05:58.327499+0000,15.332138833842471,8.623547947012352e-10
2026-07-31T02:06:01.326770+0000,15.332138833842471,8.623547947012352e-10
2026-07-31T02:06:04.321665+0000,15.332138833842471,8.623547947012352e-10
2026-07-31T02:06:07.327191+0000,15.332138833842471,8.623547947012352e-10
2026-07-31T02:06:10.323025+0000,15.332138833842471,8.623547947012352e-10
2026-07-31T02:06:13.327682+0000,15.332138833842471,8.623547947012352e-10
2026-07-31T02:06:16.327325+0000,15.332138833842471,8.623547947012352e-10
2026-07-31T02:06:19.325030+0000,15.332138833842471,8.623547947012352e-10
2026-07-31T02:06:22.324845+0000,15.332138833842471,8.623547947012352e-10
2026-07-31T02:06:25.323418+0000,15.332138833842471,8.623547947012352e-10
2026-07-31T02:06:28.327379+0000,15.332138833842471,8.623547947012352e-10
2026-07-31T02:06:31.326962+0000,15.332138833842471,8.623547947012352e-10
2026-07-31T02:06:34.329461+0000,15.332138833842471,8.623547947012352e-10
2026-07-31T02:06:37.325755+0000,15.332138833842471,8.623547947012352e-10
2026-07-31T02:06:40.331162+0000,15.332138833842471,8.623547947012352e-10
2026-07-31T02:06:43.327935+0000,15.332138833842471,8.623547947012352e-10
2026-07-31T02:06:46.326576+0000,15.332138833842471,8.623547947012352e-10
2026-07-31T02:06:49.328166+0000,15.332138833842471,8.623547947012352e-10
2026-07-31T02:06:52.330268+0000,15.332138833842471,8.623547947012352e-10
2026-07-31T02:06:55.327380+0000,15.332138833842471,8.623547947012352e-10
2026-07-31T02:06:58.330574+0000,15.332138833842471,8.623547947012352e-10
2026-07-31T02:07:01.331985+0000,15.332138833842471,8.623547947012352e-10
2026-07-31T02:07:04.333537+0000,15.332138833842471,8.623547947012352e-10
2026-07-31T02:07:07.331751+0000,15.332138833842471,8.623547947012352e-10
2026-07-31T02:07:10.338027+0000,15.332138833842471,8.623547947012352e-10
2026-07-31T02:07:13.336053+0000,15.332138833842471,8.623547947012352e-10
2026-07-31T02:07:16.336630+0000,15.332138833842471,8.623547947012352e-10
2026-07-31T02:07:19.333862+0000,15.332138833842471,8.623547947012352e-10
2026-07-31T02:07:22.337736+0000,15.332138833842471,8.623547947012352e-10
2026-07-31T02:07:25.335204+0000,15.332138833842471,8.623547947012352e-10
2026-07-31T02:07:28.337513+0000,15.332138833842471,8.623547947012352e-10
2026-07-31T02:07:31.345788+0000,15.332138833842471,8.623547947012352e-10
2026-07-31T02:07:34.338750+0000,15.332138833842471,8.623547947012352e-10
2026-07-31T02:07:37.337601+0000,15.332138833842471,8.623547947012352e-10
2026-07-31T02:07:40.340251+0000,15.332138833842471,8.623547947012352e-10
2026-07-31T02:07:43.337969+0000,15.332138833842471,8.623547947012352e-10
2026-07-31T02:07:46.339700+0000,15.332138833842471,8.623547947012352e-10
2026-07-31T02:07:49.340223+0000,15.332138833842471,8.623547947012352e-10
2026-07-31T02:07:52.397007+0000,15.332138833842471,8.623547947012352e-10
2026-07-31T02:07:55.371310+0000,15.332138833842471,8.623547947012352e-10
2026-07-31T02:07:58.361250+0000,15.332138833842471,8.623547947012352e-10
2026-07-31T02:08:01.341311+0000,15.332138833842471,8.623547947012352e-10
2026-07-31T02:08:04.340639+0000,15.332138833842471,8.623547947012352e-10
2026-07-31T02:08:07.341732+0000,15.332138833842471,8.623547947012352e-10
2026-07-31T02:08:10.347379+0000,15.332138833842471,8.623547947012352e-10
2026-07-31T02:08:13.351314+0000,15.332138833842471,8.623547947012352e-10
2026-07-31T02:08:16.356046+0000,15.332138833842471,8.623547947012352e-10
2026-07-31T02:08:19.349249+0000,15.332138833842471,8.623547947012352e-10
2026-07-31T02:08:22.354143+0000,15.332138833842471,8.623547947012352e-10
2026-07-31T02:08:25.350915+0000,15.332138833842471,8.623547947012352e-10
2026-07-31T02:08:28.352269+0000,15.332138833842471,8.623547947012352e-10
2026-07-31T02:08:31.349398+0000,15.332138833842471,8.623547947012352e-10
2026-07-31T02:08:34.351646+0000,15.332138833842471,8.623547947012352e-10
2026-07-31T02:08:37.354322+0000,15.332138833842471,8.623547947012352e-10
2026-07-31T02:08:40.353999+0000,15.332138833842471,8.623547947012352e-10
2026-07-31T02:08:43.353205+0000,15.332138833842471,8.623547947012352e-10
2026-07-31T02:08:46.350062+0000,15.332138833842471,8.623547947012352e-10
2026-07-31T02:08:49.354646+0000,15.332138833842471,8.623547947012352e-10
2026-07-31T02:08:52.350761+0000,15.332138833842471,8.623547947012352e-10
2026-07-31T02:08:55.356502+0000,15.332138833842471,8.623547947012352e-10
2026-07-31T02:08:58.351519+0000,15.332138833842471,8.623547947012352e-10
2026-07-31T02:09:01.357949+0000,15.332138833842471,8.623547947012352e-10
2026-07-31T02:09:04.356001+0000,15.332138833842471,8.623547947012352e-10
2026-07-31T02:09:07.353506+0000,15.332138833842471,8.623547947012352e-10
2026-07-31T02:09:10.359306+0000,15.332138833842471,8.623547947012352e-10
2026-07-31T02:09:13.357820+0000,15.332138833842471,8.623547947012352e-10
2026-07-31T02:09:16.359033+0000,15.332138833842471,8.623547947012352e-10
2026-07-31T02:09:19.360658+0000,15.332138833842471,8.623547947012352e-10
2026-07-31T02:09:22.361169+0000,15.332138833842471,8.623547947012352e-10
2026-07-31T02:09:25.359432+0000,15.332138833842471,8.623547947012352e-10
2026-07-31T02:09:28.361750+0000,15.332138833842471,8.623547947012352e-10
2026-07-31T02:09:31.362652+0000,15.332138833842471,8.623547947012352e-10
2026-07-31T02:09:34.361480+0000,15.332138833842471,8.623547947012352e-10
2026-07-31T02:09:37.360545+0000,15.332138833842471,8.623547947012352e-10
2026-07-31T02:09:40.362815+0000,15.332138833842471,8.623547947012352e-10
2026-07-31T02:09:43.369189+0000,15.332138833842471,8.623547947012352e-10
2026-07-31T02:09:46.364316+0000,15.332138833842471,8.623547947012352e-10
2026-07-31T02:09:49.365730+0000,15.332138833842471,8.623547947012352e-10
2026-07-31T02:09:52.370449+0000,15.332138833842471,8.623547947012352e-10
2026-07-31T02:09:55.368348+0000,15.332138833842471,8.623547947012352e-10
2026-07-31T02:09:58.368459+0000,15.332138833842471,8.623547947012352e-10
2026-07-31T02:10:01.371843+0000,15.332138833842471,8.623547947012352e-10
2026-07-31T02:10:04.366456+0000,15.332138833842471,8.623547947012352e-10
2026-07-31T02:10:07.363662+0000,15.332138833842471,8.623547947012352e-10
2026-07-31T02:10:10.366710+0000,15.332138833842471,8.623547947012352e-10
2026-07-31T02:10:13.368467+0000,15.332138833842471,8.623547947012352e-10
2026-07-31T02:10:16.370063+0000,15.332138833842471,8.623547947012352e-10
2026-07-31T02:10:19.373981+0000,15.332138833842471,8.623547947012352e-10
